poes_id,poes_dsc,poes_dat_cria,poes_dat_atua,user_id,poes_obs
1,"Posição 1","2024-04-07 14:32:49.817 +00:00","2024-04-07 14:32:49.817 +00:00",2,
2,"Posição 2","2024-04-07 14:32:49.817 +00:00","2024-04-07 14:32:49.817 +00:00",2,
3,"Posição 3","2024-04-07 14:32:49.817 +00:00","2024-04-07 14:32:49.817 +00:00",2,
4,"Posição 4","2024-04-07 14:32:49.817 +00:00","2024-04-07 14:32:49.817 +00:00",2,
5,"Posição 5","2024-04-07 14:32:49.817 +00:00","2024-04-07 14:32:49.817 +00:00",2,
6,"Posição 6","2024-04-07 14:32:49.817 +00:00","2024-04-07 14:32:49.817 +00:00",2,
7,"Posição 7","2024-04-07 14:32:49.817 +00:00","2024-04-07 14:32:49.817 +00:00",2,
8,"Posição 8","2024-04-07 14:32:49.817 +00:00","2024-04-07 14:32:49.817 +00:00",2,
9,"Posição 9","2024-04-07 14:32:49.817 +00:00","2024-04-07 14:32:49.817 +00:00",2,
10,"Posição 10","2024-04-07 14:32:49.817 +00:00","2024-04-07 14:32:49.817 +00:00",2,
